instant,dteday,season,yr,mnth,holiday,weekday,workingday,weathersit,temp,atemp,hum,windspeed,casual,registered,cnt
1,2011-01-01,1,0,1,0,6,0,2,344.167,363.625,805.833,160.446,331,654,985
2,2011-01-02,1,0,1,0,0,0,2,363.478,353.739,696.087,248.539,131,670,801
3,2011-01-03,1,0,1,0,1,1,1,196.364,189.405,437.273,248.309,120,1229,1349
4,2011-01-04,1,0,1,0,2,1,1,0.2,212.122,590.435,160.296,108,1454,1562
5,2011-01-05,1,0,1,0,3,1,1,226.957,22.927,436.957,1.869,82,1518,1600
6,2011-01-06,1,0,1,0,4,1,1,204.348,233.209,518.261,895.652,88,1518,1606
7,2011-01-07,1,0,1,0,5,1,2,196.522,208.839,498.696,168.726,148,1362,1510
8,2011-01-08,1,0,1,0,6,0,2,165,162.254,535.833,266.804,68,891,959
9,2011-01-09,1,0,1,0,0,0,1,138.333,116.175,434.167,36.195,54,768,822
10,2011-01-10,1,0,1,0,1,1,1,150.833,150.888,482.917,223.267,41,1280,1321
11,2011-01-11,1,0,1,0,2,1,2,169.091,191.464,686.364,122.132,43,1220,1263
12,2011-01-12,1,0,1,0,3,1,1,172.727,160.473,599.545,304.627,25,1137,1162
13,2011-01-13,1,0,1,0,4,1,1,165,150.883,470.417,301,38,1368,1406
14,2011-01-14,1,0,1,0,5,1,1,16.087,188.413,537.826,126.548,54,1367,1421
15,2011-01-15,1,0,1,0,6,0,2,233.333,248.112,49.875,157.963,222,1026,1248
16,2011-01-16,1,0,1,0,0,0,1,231.667,234.217,48.375,188.433,251,953,1204
17,2011-01-17,1,0,1,1,1,0,2,175.833,176.771,5.375,194.017,117,883,1000
18,2011-01-18,1,0,1,0,2,1,2,216.667,232.333,861.667,146.775,9,674,683
19,2011-01-19,1,0,1,0,3,1,2,292.174,298.422,741.739,208.317,78,1572,1650
20,2011-01-20,1,0,1,0,4,1,2,261.667,25.505,538.333,195.904,83,1844,1927
21,2011-01-21,1,0,1,0,5,1,1,1.775,157.833,457.083,353.242,75,1468,1543
22,2011-01-22,1,0,1,0,6,0,1,591.304,790.696,0.4,17.197,93,888,981
23,2011-01-23,1,0,1,0,0,0,1,965.217,988.391,436.522,2.466,150,836,986
24,2011-01-24,1,0,1,0,1,1,1,973.913,11.793,491.739,15.833,86,1330,1416
25,2011-01-25,1,0,1,0,2,1,2,223.478,234.526,616.957,129.796,186,1799,1985
26,2011-01-26,1,0,1,0,3,1,3,2.175,2.036,8.625,29.385,34,472,506
27,2011-01-27,1,0,1,0,4,1,1,195,2.197,6.875,113.837,15,416,431
28,2011-01-28,1,0,1,0,5,1,2,203.478,223.317,793.043,1.233,38,1129,1167
29,2011-01-29,1,0,1,0,6,0,1,196.522,212.126,651.739,145.365,123,975,1098
30,2011-01-30,1,0,1,0,0,0,1,216.522,250.322,722.174,739.826,140,956,1096
31,2011-01-31,1,0,1,0,1,1,2,180.833,18.625,60.375,187.192,42,1459,1501
32,2011-02-01,1,0,2,0,2,1,2,192.174,23.453,829.565,53.213,47,1313,1360
33,2011-02-02,1,0,2,0,3,1,2,0.26,254.417,775.417,264.308,72,1454,1526
34,2011-02-03,1,0,2,0,4,1,1,186.957,177.878,437.826,277.752,61,1489,1550
35,2011-02-04,1,0,2,0,5,1,2,211.304,228.587,585.217,127.839,88,1620,1708
36,2011-02-05,1,0,2,0,6,0,2,233.333,243.058,929.167,161.079,100,905,1005
37,2011-02-06,1,0,2,0,0,0,1,285.833,291.671,568.333,1.418,354,1269,1623
38,2011-02-07,1,0,2,0,1,1,1,271.667,303.658,738.333,454.083,120,1592,1712
39,2011-02-08,1,0,2,0,2,1,1,220.833,198.246,537.917,36.195,64,1466,1530
40,2011-02-09,1,0,2,0,3,1,2,134.783,144.283,494.783,188.839,53,1552,1605
41,2011-02-10,1,0,2,0,4,1,1,144.348,149.548,437.391,221.935,47,1491,1538
42,2011-02-11,1,0,2,0,5,1,1,189.091,213.509,506.364,10.855,149,1597,1746
43,2011-02-12,1,0,2,0,6,0,1,2.225,232.954,544.167,203.367,288,1184,1472
44,2011-02-13,1,0,2,0,0,0,1,316.522,324.113,457.391,260.883,397,1192,1589
45,2011-02-14,1,0,2,0,1,1,1,415,39.835,375.833,417.908,208,1705,1913
46,2011-02-15,1,0,2,0,2,1,1,266.087,254.274,314.348,291.374,140,1675,1815
47,2011-02-16,1,0,2,0,3,1,1,318.261,3.162,423.478,251.791,218,1897,2115
48,2011-02-17,1,0,2,0,4,1,1,435.833,428.658,505,230.104,259,2216,2475
49,2011-02-18,1,0,2,0,5,1,1,521.667,511.983,516.667,264.925,579,2348,2927
50,2011-02-19,1,0,2,0,6,0,1,399.167,391.404,187.917,507.463,532,1103,1635
51,2011-02-20,1,0,2,0,0,0,1,285.217,27.733,407.826,223.235,639,1173,1812
52,2011-02-21,1,0,2,1,1,0,2,303.333,284.075,605,307.846,195,912,1107
53,2011-02-22,1,0,2,0,2,1,1,182.222,186.033,577.778,195.683,74,1376,1450
54,2011-02-23,1,0,2,0,3,1,1,221.739,245.717,423.043,94.113,139,1778,1917
55,2011-02-24,1,0,2,0,4,1,2,295.652,289.191,697.391,250.496,100,1707,1807
56,2011-02-25,1,0,2,0,5,1,2,364.348,350.461,712.174,346.539,120,1341,1461
57,2011-02-26,1,0,2,0,6,0,1,2.825,282.192,537.917,186.571,424,1545,1969
58,2011-02-27,1,0,2,0,0,0,1,343.478,351.109,0.68,125.248,694,1708,2402
59,2011-02-28,1,0,2,0,1,1,2,407.273,400.118,876.364,289.686,81,1365,1446
60,2011-03-01,1,0,3,0,2,1,1,266.667,263.879,535,216.425,137,1714,1851
61,2011-03-02,1,0,3,0,3,1,1,335,320.071,449.583,307.833,231,1903,2134
62,2011-03-03,1,0,3,0,4,1,1,198.333,200.133,318.333,225.754,123,1562,1685
63,2011-03-04,1,0,3,0,5,1,2,261.667,255.679,610.417,203.346,214,1730,1944
64,2011-03-05,1,0,3,0,6,0,2,384.167,378.779,789.167,251.871,640,1437,2077
65,2011-03-06,1,0,3,0,0,0,2,376.522,366.252,948.261,343.287,114,491,605
66,2011-03-07,1,0,3,0,1,1,1,261.739,238.461,551.304,341.352,244,1628,1872
67,2011-03-08,1,0,3,0,2,1,1,2.925,3.024,420.833,12.065,316,1817,2133
68,2011-03-09,1,0,3,0,3,1,2,295.833,286.608,775.417,22.015,191,1700,1891
69,2011-03-10,1,0,3,0,4,1,3,389.091,385.668,0,261.877,46,577,623
70,2011-03-11,1,0,3,0,5,1,2,316.522,305,649.565,23.297,247,1730,1977
71,2011-03-12,1,0,3,0,6,0,1,329.167,32.575,594.583,220.775,724,1408,2132
72,2011-03-13,1,0,3,0,0,0,1,384.348,380.091,527.391,270.604,982,1435,2417
73,2011-03-14,1,0,3,0,1,1,1,325.217,332,496.957,136.926,359,1687,2046
74,2011-03-15,1,0,3,0,2,1,2,317.391,318.178,655.652,184.309,289,1767,2056
75,2011-03-16,1,0,3,0,3,1,2,365.217,36.693,776.522,203.117,321,1871,2192
76,2011-03-17,1,0,3,0,4,1,1,415,410.333,602.917,209.579,424,2320,2744
77,2011-03-18,1,0,3,0,5,1,1,0.54,527.009,525.217,231.017,884,2355,3239
78,2011-03-19,1,0,3,0,6,0,1,4.725,466.525,379.167,368.167,1424,1693,3117
79,2011-03-20,1,0,3,0,0,0,1,3.325,32.575,47.375,207.721,1047,1424,2471
80,2011-03-21,2,0,3,0,1,1,2,430.435,409.735,737.391,288.783,401,1676,2077
81,2011-03-22,2,0,3,0,2,1,1,441.667,440.642,624.583,22.575,460,2243,2703
82,2011-03-23,2,0,3,0,3,1,2,346.957,337.939,839.565,234.261,203,1918,2121
83,2011-03-24,2,0,3,0,4,1,2,285,270.833,805.833,243.787,166,1699,1865
84,2011-03-25,2,0,3,0,5,1,1,264.167,256.312,495,230.725,300,1910,2210
85,2011-03-26,2,0,3,0,6,0,1,265.833,257.571,394.167,209.571,981,1515,2496
86,2011-03-27,2,0,3,0,0,0,2,253.043,250.339,493.913,1.843,472,1221,1693
87,2011-03-28,2,0,3,0,1,1,1,264.348,257.574,302.174,212.204,222,1806,2028
88,2011-03-29,2,0,3,0,2,1,1,3.025,292.908,314.167,226.996,317,2108,2425
89,2011-03-30,2,0,3,0,3,1,2,0.3,29.735,646.667,172.888,168,1368,1536
90,2011-03-31,2,0,3,0,4,1,3,268.333,257.575,918.333,217.646,179,1506,1685
91,2011-04-01,2,0,4,0,5,1,2,0.3,283.454,68.625,258.708,307,1920,2227
92,2011-04-02,2,0,4,0,6,0,2,315,315.637,65.375,197.146,898,1354,2252
93,2011-04-03,2,0,4,0,0,0,1,378.333,378.767,0.48,182.213,1651,1598,3249
94,2011-04-04,2,0,4,0,1,1,1,573.333,542.929,42.625,385.571,734,2381,3115
95,2011-04-05,2,0,4,0,2,1,2,414.167,39.835,642.083,388.067,167,1628,1795
96,2011-04-06,2,0,4,0,3,1,1,390.833,387.608,470.833,263.063,413,2395,2808
97,2011-04-07,2,0,4,0,4,1,1,4.375,433.696,602.917,162.312,571,2570,3141
98,2011-04-08,2,0,4,0,5,1,2,335.833,324.479,83.625,226.992,172,1299,1471
99,2011-04-09,2,0,4,0,6,0,2,3.425,341.529,8.775,133.083,879,1576,2455
100,2011-04-10,2,0,4,0,0,0,2,426.667,426.737,8.575,146.767,1188,1707,2895
101,2011-04-11,2,0,4,0,1,1,2,595.652,565.217,716.956,324.474,855,2493,3348
102,2011-04-12,2,0,4,0,2,1,2,5.025,493.054,739.167,274.879,257,1777,2034
103,2011-04-13,2,0,4,0,3,1,2,4.125,417.283,819.167,250.617,209,1953,2162
104,2011-04-14,2,0,4,0,4,1,1,4.675,462.742,540.417,1.107,529,2738,3267
105,2011-04-15,2,0,4,1,5,0,1,446.667,441.913,67.125,226.375,642,2484,3126
106,2011-04-16,2,0,4,0,6,0,3,430.833,425.492,888.333,340.808,121,674,795
107,2011-04-17,2,0,4,0,0,0,1,456.667,445.696,479.583,303.496,1558,2186,3744
108,2011-04-18,2,0,4,0,1,1,1,5.125,503.146,5.425,163.567,669,2760,3429
109,2011-04-19,2,0,4,0,2,1,2,505.833,489.258,665.833,157.971,409,2795,3204
110,2011-04-20,2,0,4,0,3,1,1,595,564.392,614.167,241.925,613,3331,3944
111,2011-04-21,2,0,4,0,4,1,1,459.167,453.892,407.083,325.258,745,3444,4189
112,2011-04-22,2,0,4,0,5,1,2,336.667,321.954,729.583,219.521,177,1506,1683
113,2011-04-23,2,0,4,0,6,0,2,0.46,450.121,887.917,230.725,1462,2574,4036
114,2011-04-24,2,0,4,0,0,0,2,581.667,551.763,810.833,192.175,1710,2481,4191
115,2011-04-25,2,0,4,0,1,1,1,606.667,5.745,776.667,185.333,773,3300,4073
116,2011-04-26,2,0,4,0,2,1,1,631.667,594.083,729.167,3.265,678,3722,4400
117,2011-04-27,2,0,4,0,3,1,2,0.62,575.142,835.417,3.122,547,3325,3872
118,2011-04-28,2,0,4,0,4,1,2,6.175,578.929,700.833,320.908,569,3489,4058
119,2011-04-29,2,0,4,0,5,1,1,0.51,497.463,457.083,240.063,878,3717,4595
120,2011-04-30,2,0,4,0,6,0,1,4.725,464.021,503.333,235.075,1965,3347,5312
121,2011-05-01,2,0,5,0,0,0,2,451.667,448.204,762.083,106.354,1138,2213,3351
122,2011-05-02,2,0,5,0,1,1,2,549.167,532.833,0.73,183.454,847,3554,4401
123,2011-05-03,2,0,5,0,2,1,2,616.667,582.079,697.083,342.667,603,3848,4451
124,2011-05-04,2,0,5,0,3,1,2,414.167,40.465,737.083,328.996,255,2378,2633
125,2011-05-05,2,0,5,0,4,1,1,459.167,441.917,444.167,295.392,614,3819,4433
126,2011-05-06,2,0,5,0,5,1,1,479.167,474.117,0.59,228.246,894,3714,4608
127,2011-05-07,2,0,5,0,6,0,1,0.52,512.621,54.125,16.045,1612,3102,4714
128,2011-05-08,2,0,5,0,0,0,1,528.333,518.933,631.667,746.375,1401,2932,4333
129,2011-05-09,2,0,5,0,1,1,1,5.325,525.246,58.875,176,664,3698,4362
130,2011-05-10,2,0,5,0,2,1,1,5.325,522.721,489.167,115.671,694,4109,4803
131,2011-05-11,2,0,5,0,3,1,1,5.425,5.284,632.917,120.642,550,3632,4182
132,2011-05-12,2,0,5,0,4,1,1,535,523.363,7.475,189.667,695,4169,4864
133,2011-05-13,2,0,5,0,5,1,2,5.125,4.943,863.333,179.725,692,3413,4105
134,2011-05-14,2,0,5,0,6,0,2,520.833,500.629,9.225,13.495,902,2507,3409
135,2011-05-15,2,0,5,0,0,0,2,5.625,536,867.083,152.979,1582,2971,4553
136,2011-05-16,2,0,5,0,1,1,1,5.775,550.512,787.917,126.871,773,3185,3958
137,2011-05-17,2,0,5,0,2,1,2,561.667,538.529,837.917,277.354,678,3445,4123
138,2011-05-18,2,0,5,0,3,1,2,0.55,527.158,0.87,201.492,536,3319,3855
139,2011-05-19,2,0,5,0,4,1,2,530.833,510.742,829.583,108.213,735,3840,4575
140,2011-05-20,2,0,5,0,5,1,1,536.667,529.042,719.583,125.013,909,4008,4917
141,2011-05-21,2,0,5,0,6,0,1,6.025,571.975,626.667,12.065,2258,3547,5805
142,2011-05-22,2,0,5,0,0,0,1,604.167,5.745,749.583,148.008,1576,3084,4660
143,2011-05-23,2,0,5,0,1,1,2,631.667,590.296,0.81,233.842,836,3438,4274
144,2011-05-24,2,0,5,0,2,1,2,0.66,604.813,740.833,207.092,659,3833,4492
145,2011-05-25,2,0,5,0,3,1,1,660.833,615.542,69.625,154.233,740,4238,4978
146,2011-05-26,2,0,5,0,4,1,1,708.333,654.688,6.775,199.642,758,3919,4677
147,2011-05-27,2,0,5,0,5,1,1,681.667,637.008,65.375,240.679,871,3808,4679
148,2011-05-28,2,0,5,0,6,0,1,655.833,612.379,729.583,230.092,2001,2757,4758
149,2011-05-29,2,0,5,0,0,0,1,6.675,61.555,81.875,213.938,2355,2433,4788
150,2011-05-30,2,0,5,1,1,0,1,733.333,671.092,685,131.225,1549,2549,4098
151,2011-05-31,2,0,5,0,2,1,1,775,725.383,636.667,111.329,673,3309,3982
152,2011-06-01,2,0,6,0,3,1,2,764.167,720.967,677.083,207.092,513,3461,3974
153,2011-06-02,2,0,6,0,4,1,1,715,643.942,305,292.287,736,4232,4968
154,2011-06-03,2,0,6,0,5,1,1,0.62,587.133,354.167,253.121,898,4414,5312
155,2011-06-04,2,0,6,0,6,0,1,635,594.696,45.625,123.142,1869,3473,5342
156,2011-06-05,2,0,6,0,0,0,2,648.333,616.804,6.525,138.692,1685,3221,4906
157,2011-06-06,2,0,6,0,1,1,1,678.333,621.858,0.6,121.896,673,3875,4548
158,2011-06-07,2,0,6,0,2,1,1,7.075,65.595,597.917,187.808,763,4070,4833
159,2011-06-08,2,0,6,0,3,1,1,775.833,727.279,622.083,136.817,676,3725,4401
160,2011-06-09,2,0,6,0,4,1,2,808.333,757.579,568.333,149.883,563,3352,3915
161,2011-06-10,2,0,6,0,5,1,1,755,703.292,605,140.554,815,3771,4586
162,2011-06-11,2,0,6,0,6,0,1,725,678.038,654.583,15.485,1729,3237,4966
163,2011-06-12,2,0,6,0,0,0,1,6.925,643.325,747.917,163.567,1467,2993,4460
164,2011-06-13,2,0,6,0,1,1,1,635,601.654,494.583,30.535,863,4157,5020
165,2011-06-14,2,0,6,0,2,1,1,604.167,591.546,507.083,269.283,727,4164,4891
166,2011-06-15,2,0,6,0,3,1,1,626.667,587.754,471.667,167.912,769,4411,5180
167,2011-06-16,2,0,6,0,4,1,2,628.333,595.346,688.333,206.471,545,3222,3767
168,2011-06-17,2,0,6,0,5,1,1,649.167,600.383,735.833,143.029,863,3981,4844
169,2011-06-18,2,0,6,0,6,0,1,696.667,643.954,670.417,119.408,1807,3312,5119
170,2011-06-19,2,0,6,0,0,0,2,699.167,645.846,666.667,102,1639,3105,4744
171,2011-06-20,2,0,6,0,1,1,2,635,595.346,74.625,155.475,699,3311,4010
172,2011-06-21,3,0,6,0,2,1,2,680.833,637.646,770.417,171.025,774,4061,4835
173,2011-06-22,3,0,6,0,3,1,1,733.333,693.829,7.075,172.262,661,3846,4507
174,2011-06-23,3,0,6,0,4,1,2,728.333,693.833,703.333,238.804,746,4044,4790
175,2011-06-24,3,0,6,0,5,1,1,724.167,656.583,573.333,222.025,969,4022,4991
176,2011-06-25,3,0,6,0,6,0,1,695,643.313,483.333,209.571,1782,3420,5202
177,2011-06-26,3,0,6,0,0,0,1,0.68,637.629,513.333,945.333,1920,3385,5305
178,2011-06-27,3,0,6,0,1,1,2,6.825,637.004,658.333,107.588,854,3854,4708
179,2011-06-28,3,0,6,0,2,1,1,744.167,692.558,634.167,144.283,732,3916,4648
180,2011-06-29,3,0,6,0,3,1,1,728.333,654.688,497.917,261.821,848,4377,5225
181,2011-06-30,3,0,6,0,4,1,1,696.667,637.008,434.167,185.312,1027,4488,5515
182,2011-07-01,3,0,7,0,5,1,1,7.225,652.162,39.625,102.608,1246,4116,5362
183,2011-07-02,3,0,7,0,6,0,1,738.333,667.308,444.583,115.062,2204,2915,5119
184,2011-07-03,3,0,7,0,0,0,2,716.667,668.575,6.825,228.858,2282,2367,4649
185,2011-07-04,3,0,7,1,1,0,2,726.667,665.417,637.917,814.792,3065,2978,6043
186,2011-07-05,3,0,7,0,2,1,1,746.667,696.338,590.417,126.258,1031,3634,4665
187,2011-07-06,3,0,7,0,3,1,1,0.72,685.633,743.333,149.883,784,3845,4629
188,2011-07-07,3,0,7,0,4,1,1,0.75,686.871,65.125,1.592,754,3838,4592
189,2011-07-08,3,0,7,0,5,1,2,709.167,670.483,757.917,225.129,692,3348,4040
190,2011-07-09,3,0,7,0,6,0,1,733.333,664.158,609.167,167.912,1988,3348,5336
191,2011-07-10,3,0,7,0,0,0,1,7.475,690.025,578.333,183.471,1743,3138,4881
192,2011-07-11,3,0,7,0,1,1,1,7.625,729.804,635.833,282.337,723,3363,4086
193,2011-07-12,3,0,7,0,2,1,1,794.167,739.275,559.167,200.254,662,3596,4258
194,2011-07-13,3,0,7,0,3,1,1,746.667,689.404,631.667,146.133,748,3594,4342
195,2011-07-14,3,0,7,0,4,1,1,680.833,635.104,47.625,240.667,888,4196,5084
196,2011-07-15,3,0,7,0,5,1,1,663.333,624.371,59.125,182.833,1318,4220,5538
197,2011-07-16,3,0,7,0,6,0,1,686.667,638.263,585,208.342,2418,3505,5923
198,2011-07-17,3,0,7,0,0,0,1,719.167,669.833,604.167,245.033,2006,3296,5302
199,2011-07-18,3,0,7,0,1,1,1,746.667,703.925,65.125,215.804,841,3617,4458
200,2011-07-19,3,0,7,0,2,1,1,776.667,747.479,650.417,1.306,752,3789,4541
201,2011-07-20,3,0,7,0,3,1,1,768.333,74.685,707.083,113.817,644,3688,4332
202,2011-07-21,3,0,7,0,4,1,2,815,826.371,69.125,222.021,632,3152,3784
203,2011-07-22,3,0,7,0,5,1,1,848.333,840.896,580.417,1.331,562,2825,3387
204,2011-07-23,3,0,7,0,6,0,1,849.167,804.287,0.5,131.221,987,2298,3285
205,2011-07-24,3,0,7,0,0,0,1,0.83,794.829,550.833,169.171,1050,2556,3606
206,2011-07-25,3,0,7,0,1,1,1,743.333,720.958,757.083,908.083,568,3272,3840
207,2011-07-26,3,0,7,0,2,1,1,771.667,696.979,540.833,200.258,750,3840,4590
208,2011-07-27,3,0,7,0,3,1,1,775,690.667,402.917,183.463,755,3901,4656
209,2011-07-28,3,0,7,0,4,1,1,779.167,7.399,583.333,178.479,606,3784,4390
210,2011-07-29,3,0,7,0,5,1,1,838.333,785.967,5.425,174.138,670,3176,3846
211,2011-07-30,3,0,7,0,6,0,1,804.167,728.537,465.833,168.537,1559,2916,4475
212,2011-07-31,3,0,7,0,0,0,1,805.833,729.796,480.833,164.813,1524,2778,4302
213,2011-08-01,3,0,8,0,1,1,1,771.667,703.292,550.833,156.717,729,3537,4266
214,2011-08-02,3,0,8,0,2,1,1,783.333,707.071,49.125,20.585,801,4044,4845
215,2011-08-03,3,0,8,0,3,1,2,731.667,679.937,6.575,135.583,467,3107,3574
216,2011-08-04,3,0,8,0,4,1,2,0.71,664.788,7.575,19.715,799,3777,4576
217,2011-08-05,3,0,8,0,5,1,1,710.833,656.567,630.833,184.696,1023,3843,4866
218,2011-08-06,3,0,8,0,6,0,2,716.667,676.154,755,22.825,1521,2773,4294
219,2011-08-07,3,0,8,0,0,0,1,7.425,715.292,752.917,201.487,1298,2487,3785
220,2011-08-08,3,0,8,0,1,1,1,765,703.283,592.083,192.175,846,3480,4326
221,2011-08-09,3,0,8,0,2,1,1,775,724.121,570.417,151.121,907,3695,4602
222,2011-08-10,3,0,8,0,3,1,1,766.667,684.983,424.167,200.258,884,3896,4780
223,2011-08-11,3,0,8,0,4,1,1,7.175,651.521,42.375,164.796,812,3980,4792
224,2011-08-12,3,0,8,0,5,1,1,708.333,654.042,415,125.621,1051,3854,4905
225,2011-08-13,3,0,8,0,6,0,2,685.833,645.858,729.583,211.454,1504,2646,4150
226,2011-08-14,3,0,8,0,0,0,2,676.667,624.388,8.175,222.633,1338,2482,3820
227,2011-08-15,3,0,8,0,1,1,1,665.833,616.167,712.083,208.954,775,3563,4338
228,2011-08-16,3,0,8,0,2,1,1,700.833,645.837,578.333,236.329,721,4004,4725
229,2011-08-17,3,0,8,0,3,1,1,723.333,666.671,575.417,143.667,668,4026,4694
230,2011-08-18,3,0,8,0,4,1,1,711.667,662.258,654.583,233.208,639,3166,3805
231,2011-08-19,3,0,8,0,5,1,2,685,633.221,722.917,139.308,797,3356,4153
232,2011-08-20,3,0,8,0,6,0,1,6.975,648.996,674.167,104.467,1914,3277,5191
233,2011-08-21,3,0,8,0,0,0,1,710.833,675.525,0.77,248.754,1249,2624,3873
234,2011-08-22,3,0,8,0,1,1,1,691.667,638.254,0.47,27.675,833,3925,4758
235,2011-08-23,3,0,8,0,2,1,1,640.833,606.067,455.417,146.763,1281,4614,5895
236,2011-08-24,3,0,8,0,3,1,1,673.333,630.692,605,253.108,949,4181,5130
237,2011-08-25,3,0,8,0,4,1,2,684.167,645.854,771.667,210.833,435,3107,3542
238,2011-08-26,3,0,8,0,5,1,1,0.7,659.733,76.125,839.625,768,3893,4661
239,2011-08-27,3,0,8,0,6,0,2,0.68,635.556,0.85,375.617,226,889,1115
240,2011-08-28,3,0,8,0,0,0,1,707.059,647.959,561.765,304.659,1415,2919,4334
241,2011-08-29,3,0,8,0,1,1,1,636.667,607.958,554.583,159.825,729,3905,4634
242,2011-08-30,3,0,8,0,2,1,1,639.167,594.704,548.333,125.008,775,4429,5204
243,2011-08-31,3,0,8,0,3,1,1,656.667,611.121,597.917,833.333,688,4370,5058
244,2011-09-01,3,0,9,0,4,1,1,655,614.921,639.167,141.796,783,4332,5115
245,2011-09-02,3,0,9,0,5,1,2,643.333,604.808,727.083,139.929,875,3852,4727
246,2011-09-03,3,0,9,0,6,0,1,669.167,633.213,716.667,185.325,1935,2549,4484
247,2011-09-04,3,0,9,0,0,0,1,709.167,665.429,742.083,206.467,2521,2419,4940
248,2011-09-05,3,0,9,1,1,0,2,673.333,625.646,790.417,212.696,1236,2115,3351
249,2011-09-06,3,0,9,0,2,1,3,0.54,5.152,886.957,343.943,204,2506,2710
250,2011-09-07,3,0,9,0,3,1,3,599.167,544.229,917.083,970.208,118,1878,1996
251,2011-09-08,3,0,9,0,4,1,3,633.913,555.361,939.565,192.748,153,1689,1842
252,2011-09-09,3,0,9,0,5,1,2,0.65,578.946,897.917,124.379,417,3127,3544
253,2011-09-10,3,0,9,0,6,0,1,0.66,607.962,75.375,153.608,1750,3595,5345
254,2011-09-11,3,0,9,0,0,0,1,653.333,609.229,71.375,115.054,1633,3413,5046
255,2011-09-12,3,0,9,0,1,1,1,644.348,60.213,692.174,88.913,690,4023,4713
256,2011-09-13,3,0,9,0,2,1,1,650.833,603.554,7.125,141.804,701,4062,4763
257,2011-09-14,3,0,9,0,3,1,1,673.333,6.269,697.083,1.673,647,4138,4785
258,2011-09-15,3,0,9,0,4,1,2,5.775,553.671,709.167,271.146,428,3231,3659
259,2011-09-16,3,0,9,0,5,1,2,469.167,461.475,590.417,164.183,742,4018,4760
260,2011-09-17,3,0,9,0,6,0,2,491.667,478.512,718.333,189.675,1434,3077,4511
261,2011-09-18,3,0,9,0,0,0,1,5.075,490.537,695,178.483,1353,2921,4274
262,2011-09-19,3,0,9,0,1,1,2,549.167,529.675,0.69,151.742,691,3848,4539
263,2011-09-20,3,0,9,0,2,1,2,561.667,532.217,88.125,134.954,438,3203,3641
264,2011-09-21,3,0,9,0,3,1,2,595,550.533,0.9,964.042,539,3813,4352
265,2011-09-22,3,0,9,0,4,1,2,628.333,554.963,902.083,128.125,555,4240,4795
266,2011-09-23,4,0,9,0,5,1,2,609.167,522.125,9.725,783.667,258,2137,2395
267,2011-09-24,4,0,9,0,6,0,2,606.667,564.412,8.625,783.833,1776,3647,5423
268,2011-09-25,4,0,9,0,0,0,2,634.167,572.637,845,503.792,1544,3466,5010
269,2011-09-26,4,0,9,0,1,1,2,649.167,589.042,848.333,1.107,684,3946,4630
270,2011-09-27,4,0,9,0,2,1,2,636.667,574.525,885.417,118.171,477,3643,4120
271,2011-09-28,4,0,9,0,3,1,2,635,575.158,84.875,148.629,480,3427,3907
272,2011-09-29,4,0,9,0,4,1,1,616.667,574.512,699.167,172.883,653,4186,4839
273,2011-09-30,4,0,9,0,5,1,1,564.167,544.829,6.475,206.475,830,4372,5202
274,2011-10-01,4,0,10,0,6,0,2,0.41,412.863,75.375,292.296,480,1949,2429
275,2011-10-02,4,0,10,0,0,0,2,356.667,345.317,791.667,222.013,616,2302,2918
276,2011-10-03,4,0,10,0,1,1,2,384.167,392.046,760.833,833.458,330,3240,3570
277,2011-10-04,4,0,10,0,2,1,1,484.167,472.858,0.71,205.854,486,3970,4456
278,2011-10-05,4,0,10,0,3,1,1,538.333,527.138,647.917,17.725,559,4267,4826
279,2011-10-06,4,0,10,0,4,1,1,494.167,480.425,620.833,134.954,639,4126,4765
280,2011-10-07,4,0,10,0,5,1,1,510.833,504.404,684.167,223.917,949,4036,4985
281,2011-10-08,4,0,10,0,6,0,1,521.667,513.242,70.125,454.042,2235,3174,5409
282,2011-10-09,4,0,10,0,0,0,1,540.833,523.983,7.275,6.345,2397,3114,5511
283,2011-10-10,4,0,10,1,1,0,1,570.833,542.925,73.375,423.042,1514,3603,5117
284,2011-10-11,4,0,10,0,2,1,2,566.667,546.096,80.875,143.042,667,3896,4563
285,2011-10-12,4,0,10,0,3,1,3,543.333,517.717,90.625,24.815,217,2199,2416
286,2011-10-13,4,0,10,0,4,1,2,589.167,551.804,896.667,141.787,290,2623,2913
287,2011-10-14,4,0,10,0,5,1,2,550.833,529.675,71.625,223.883,529,3115,3644
288,2011-10-15,4,0,10,0,6,0,1,506.667,498.725,483.333,258.083,1899,3318,5217
289,2011-10-16,4,0,10,0,0,0,1,511.667,503.154,486.667,281.717,1748,3293,5041
290,2011-10-17,4,0,10,0,1,1,1,534.167,510.725,579.583,175.379,713,3857,4570
291,2011-10-18,4,0,10,0,2,1,2,5.325,522.721,701.667,110.087,637,4111,4748
292,2011-10-19,4,0,10,0,3,1,3,541.739,513.848,895.217,243.339,254,2170,2424
293,2011-10-20,4,0,10,0,4,1,1,475.833,466.525,63.625,422.275,471,3724,4195
294,2011-10-21,4,0,10,0,5,1,1,4.275,423.596,574.167,221.396,676,3628,4304
295,2011-10-22,4,0,10,0,6,0,1,4.225,425.492,629.167,926.667,1499,2809,4308
296,2011-10-23,4,0,10,0,0,0,1,421.667,422.333,74.125,995.125,1619,2762,4381
297,2011-10-24,4,0,10,0,1,1,1,463.333,457.067,772.083,118.792,699,3488,4187
298,2011-10-25,4,0,10,0,2,1,1,471.667,463.375,622.917,166.658,695,3992,4687
299,2011-10-26,4,0,10,0,3,1,2,484.167,472.846,720.417,148.642,404,3490,3894
300,2011-10-27,4,0,10,0,4,1,2,0.47,457.046,812.917,197.763,240,2419,2659
301,2011-10-28,4,0,10,0,5,1,2,330.833,318.812,585.833,229.479,456,3291,3747
302,2011-10-29,4,0,10,0,6,0,3,254.167,227.913,8.825,351.371,57,570,627
303,2011-10-30,4,0,10,0,0,0,1,319.167,321.329,62.375,176.617,885,2446,3331
304,2011-10-31,4,0,10,0,1,1,1,0.34,356.063,703.333,10.635,362,3307,3669
305,2011-11-01,4,0,11,0,2,1,1,400.833,397.088,68.375,135.571,410,3658,4068
306,2011-11-02,4,0,11,0,3,1,1,3.775,390.133,71.875,820.917,370,3816,4186
307,2011-11-03,4,0,11,0,4,1,1,408.333,405.921,702.083,136.817,318,3656,3974
308,2011-11-04,4,0,11,0,5,1,2,403.333,403.392,6.225,271.779,470,3576,4046
309,2011-11-05,4,0,11,0,6,0,1,326.667,323.854,519.167,189.062,1156,2770,3926
310,2011-11-06,4,0,11,0,0,0,1,348.333,362.358,734.583,920.542,952,2697,3649
311,2011-11-07,4,0,11,0,1,1,1,395,400.871,75.875,57.225,373,3662,4035
312,2011-11-08,4,0,11,0,2,1,1,408.333,412.246,721.667,690.375,376,3829,4205
313,2011-11-09,4,0,11,0,3,1,1,0.4,409.079,758.333,621.958,305,3804,4109
314,2011-11-10,4,0,11,0,4,1,2,0.38,373.721,813.333,189.067,190,2743,2933
315,2011-11-11,4,0,11,1,5,0,1,324.167,306.817,44.625,314.675,440,2928,3368
316,2011-11-12,4,0,11,0,6,0,1,356.667,357.942,552.917,212.062,1275,2792,4067
317,2011-11-13,4,0,11,0,0,0,1,440.833,43.055,458.333,281.721,1004,2713,3717
318,2011-11-14,4,0,11,0,1,1,1,0.53,524.612,587.083,306.596,595,3891,4486
319,2011-11-15,4,0,11,0,2,1,2,0.53,507.579,68.875,199.633,449,3746,4195
320,2011-11-16,4,0,11,0,3,1,3,456.667,451.988,0.93,136.829,145,1672,1817
321,2011-11-17,4,0,11,0,4,1,2,341.667,323.221,575.833,305.362,139,2914,3053
322,2011-11-18,4,0,11,0,5,1,1,274.167,272.721,0.41,168.533,245,3147,3392
323,2011-11-19,4,0,11,0,6,0,1,329.167,324.483,502.083,224.496,943,2720,3663
324,2011-11-20,4,0,11,0,0,0,2,463.333,457.058,684.583,18.595,787,2733,3520
325,2011-11-21,4,0,11,0,1,1,3,4.475,445.062,0.91,138.054,220,2545,2765
326,2011-11-22,4,0,11,0,2,1,3,416.667,421.696,9.625,118.792,69,1538,1607
327,2011-11-23,4,0,11,0,3,1,2,440.833,430.537,757.917,335.825,112,2454,2566
328,2011-11-24,4,0,11,1,4,0,1,373.333,372.471,549.167,167.304,560,935,1495
329,2011-11-25,4,0,11,0,5,1,1,375,380.671,64.375,988.958,1095,1697,2792
330,2011-11-26,4,0,11,0,6,0,1,375.833,385.087,681.667,684.208,1249,1819,3068
331,2011-11-27,4,0,11,0,0,0,1,459.167,4.558,698.333,208.954,810,2261,3071
332,2011-11-28,4,0,11,0,1,1,1,503.478,490.122,743.043,142.122,253,3614,3867
333,2011-11-29,4,0,11,0,2,1,2,458.333,451.375,830.833,258.092,96,2818,2914
334,2011-11-30,4,0,11,0,3,1,1,325,311.221,613.333,271.158,188,3425,3613
335,2011-12-01,4,0,12,0,4,1,1,3.125,305.554,524.583,220.158,182,3545,3727
336,2011-12-02,4,0,12,0,5,1,1,314.167,331.433,625.833,100.754,268,3672,3940
337,2011-12-03,4,0,12,0,6,0,1,299.167,310.604,612.917,957.833,706,2908,3614
338,2011-12-04,4,0,12,0,0,0,1,330.833,3.491,775.833,839.583,634,2851,3485
339,2011-12-05,4,0,12,0,1,1,2,385.833,393.925,827.083,622.083,233,3578,3811
340,2011-12-06,4,0,12,0,2,1,3,4.625,4.564,949.583,232.583,126,2468,2594
341,2011-12-07,4,0,12,0,3,1,3,0.41,400.246,970.417,266.175,50,655,705
342,2011-12-08,4,0,12,0,4,1,1,265.833,256.938,0.58,240.058,150,3172,3322
343,2011-12-09,4,0,12,0,5,1,1,290.833,317.542,695.833,827.167,261,3359,3620
344,2011-12-10,4,0,12,0,6,0,1,275,266.412,5.075,233.221,502,2688,3190
345,2011-12-11,4,0,12,0,0,0,1,220.833,253.154,0.49,665.417,377,2366,2743
346,2011-12-12,4,0,12,0,1,1,1,238.333,270.196,670.833,6.345,143,3167,3310
347,2011-12-13,4,0,12,0,2,1,1,2.825,301.138,0.59,14.055,155,3368,3523
348,2011-12-14,4,0,12,0,3,1,2,3.175,338.362,66.375,609.583,178,3562,3740
349,2011-12-15,4,0,12,0,4,1,2,4.225,412.237,634.167,268.042,181,3528,3709
350,2011-12-16,4,0,12,0,5,1,2,375,359.825,500.417,260.575,178,3399,3577
351,2011-12-17,4,0,12,0,6,0,2,258.333,249.371,560.833,243.167,275,2464,2739
352,2011-12-18,4,0,12,0,0,0,1,238.333,245.579,58.625,169.779,220,2211,2431
353,2011-12-19,4,0,12,0,1,1,1,276.667,280.933,6.375,172.896,260,3143,3403
354,2011-12-20,4,0,12,0,2,1,2,385.833,396.454,595.417,615.708,216,3534,3750
355,2011-12-21,1,0,12,0,3,1,2,428.333,428.017,858.333,2.214,107,2553,2660
356,2011-12-22,1,0,12,0,4,1,2,423.333,426.121,7.575,47.275,227,2841,3068
357,2011-12-23,1,0,12,0,5,1,1,373.333,377.513,68.625,274.246,163,2046,2209
358,2011-12-24,1,0,12,0,6,0,1,3.025,299.242,5.425,190.304,155,856,1011
359,2011-12-25,1,0,12,0,0,0,1,274.783,279.961,681.304,155.091,303,451,754
360,2011-12-26,1,0,12,1,1,0,1,321.739,315.535,506.957,239.465,430,887,1317
361,2011-12-27,1,0,12,0,2,1,2,325,327.633,7.625,18.845,103,1059,1162
362,2011-12-28,1,0,12,0,3,1,1,29.913,279.974,503.913,293.961,255,2047,2302
363,2011-12-29,1,0,12,0,4,1,1,248.333,263.892,574.167,119.412,254,2169,2423
364,2011-12-30,1,0,12,0,5,1,1,311.667,318.812,636.667,134.337,491,2508,2999
365,2011-12-31,1,0,12,0,6,0,1,0.41,414.121,615.833,220.154,665,1820,2485
366,2012-01-01,1,1,1,0,0,0,1,0.37,375.621,6.925,192.167,686,1608,2294
367,2012-01-02,1,1,1,1,1,0,1,273.043,252.304,381.304,329.665,244,1707,1951
368,2012-01-03,1,1,1,0,2,1,1,0.15,126.275,44.125,365.671,89,2147,2236
369,2012-01-04,1,1,1,0,3,1,2,1.075,119.337,414.583,1.847,95,2273,2368
370,2012-01-05,1,1,1,0,4,1,1,265.833,278.412,524.167,129.987,140,3132,3272
371,2012-01-06,1,1,1,0,5,1,1,334.167,340.267,542.083,167.908,307,3791,4098
372,2012-01-07,1,1,1,0,6,0,1,393.333,390.779,531.667,174.758,1070,3451,4521
373,2012-01-08,1,1,1,0,0,0,1,3.375,340.258,465,191.542,599,2826,3425
374,2012-01-09,1,1,1,0,1,1,2,224.167,247.479,701.667,989,106,2270,2376
375,2012-01-10,1,1,1,0,2,1,1,308.696,318.826,646.522,187.552,173,3425,3598
376,2012-01-11,1,1,1,0,3,1,2,274.167,282.821,8.475,131.221,92,2085,2177
377,2012-01-12,1,1,1,0,4,1,2,3.825,381.938,802.917,180.967,269,3828,4097
378,2012-01-13,1,1,1,0,5,1,1,274.167,249.362,5.075,378.108,174,3040,3214
379,2012-01-14,1,1,1,0,6,0,1,0.18,183.087,4.575,187.183,333,2160,2493
380,2012-01-15,1,1,1,0,0,0,1,166.667,161.625,419.167,251.258,284,2027,2311
381,2012-01-16,1,1,1,1,1,0,1,0.19,190.663,5.225,231.358,217,2081,2298
382,2012-01-17,1,1,1,0,2,1,2,373.043,364.278,716.087,34.913,127,2808,2935
383,2012-01-18,1,1,1,0,3,1,1,303.333,275.254,443.333,415.429,109,3267,3376
384,2012-01-19,1,1,1,0,4,1,1,0.19,190.038,4.975,220.158,130,3162,3292
385,2012-01-20,1,1,1,0,5,1,2,2.175,220.958,0.45,20.275,115,3048,3163
386,2012-01-21,1,1,1,0,6,0,2,173.333,174.875,83.125,222.642,67,1234,1301
387,2012-01-22,1,1,1,0,0,0,2,1.625,16.225,79.625,199.638,196,1781,1977
388,2012-01-23,1,1,1,0,1,1,2,218.333,243.058,91.125,110.708,145,2287,2432
389,2012-01-24,1,1,1,0,2,1,1,3.425,349.108,835.833,123.767,439,3900,4339
390,2012-01-25,1,1,1,0,3,1,1,294.167,294.821,64.375,161.071,467,3803,4270
391,2012-01-26,1,1,1,0,4,1,2,341.667,35.605,769.583,733.958,244,3831,4075
392,2012-01-27,1,1,1,0,5,1,2,425,415.383,74.125,342.667,269,3187,3456
393,2012-01-28,1,1,1,0,6,0,1,315.833,326.379,543.333,210.829,775,3248,4023
394,2012-01-29,1,1,1,0,0,0,1,2.825,272.721,31.125,24.005,558,2685,3243
395,2012-01-30,1,1,1,0,1,1,1,269.167,262.625,400.833,215.792,126,3498,3624
396,2012-01-31,1,1,1,0,2,1,1,0.39,381.317,416.667,261.817,324,4185,4509
397,2012-02-01,1,1,2,0,3,1,1,469.167,466.538,507.917,189.067,304,4275,4579
398,2012-02-02,1,1,2,0,4,1,2,399.167,398.971,672.917,187.187,190,3571,3761
399,2012-02-03,1,1,2,0,5,1,1,313.333,309.346,526.667,178.496,310,3841,4151
400,2012-02-04,1,1,2,0,6,0,2,264.167,272.725,779.583,121.896,384,2448,2832
401,2012-02-05,1,1,2,0,0,0,2,265.833,264.521,687.917,175.996,318,2629,2947
402,2012-02-06,1,1,2,0,1,1,1,282.609,296.426,622.174,1.538,206,3578,3784
403,2012-02-07,1,1,2,0,2,1,1,354.167,361.104,49.625,147.379,199,4176,4375
404,2012-02-08,1,1,2,0,3,1,2,256.667,266.421,722.917,133.721,109,2693,2802
405,2012-02-09,1,1,2,0,4,1,1,265,261.988,562.083,194.037,163,3667,3830
406,2012-02-10,1,1,2,0,5,1,2,280.833,293.558,0.54,116.929,227,3604,3831
407,2012-02-11,1,1,2,0,6,0,3,224.167,210.867,73.125,289.796,192,1977,2169
408,2012-02-12,1,1,2,0,0,0,1,1.275,101.658,464.583,409.212,73,1456,1529
409,2012-02-13,1,1,2,0,1,1,1,2.225,227.913,41.125,167.283,94,3328,3422
410,2012-02-14,1,1,2,0,2,1,2,319.167,333.946,50.875,141.179,135,3787,3922
411,2012-02-15,1,1,2,0,3,1,1,348.333,351.629,53.125,1.816,141,4028,4169
412,2012-02-16,1,1,2,0,4,1,2,316.667,330.162,752.917,91.425,74,2931,3005
413,2012-02-17,1,1,2,0,5,1,1,343.333,351.629,634.583,205.846,349,3805,4154
414,2012-02-18,1,1,2,0,6,0,1,346.667,355.425,534.583,190.929,1435,2883,4318
415,2012-02-19,1,1,2,0,0,0,2,0.28,265.788,515.833,253.112,618,2071,2689
416,2012-02-20,1,1,2,1,1,0,1,0.28,273.391,507.826,229.083,502,2627,3129
417,2012-02-21,1,1,2,0,2,1,1,287.826,295.113,594.348,205.717,163,3614,3777
418,2012-02-22,1,1,2,0,3,1,1,395.833,392.667,567.917,234.471,394,4379,4773
419,2012-02-23,1,1,2,0,4,1,1,454.167,444.446,554.583,190.913,516,4546,5062
420,2012-02-24,1,1,2,0,5,1,2,4.075,410.971,7.375,237.567,246,3241,3487
421,2012-02-25,1,1,2,0,6,0,1,290.833,255.675,395.833,421.642,317,2415,2732
422,2012-02-26,1,1,2,0,0,0,1,279.167,268.308,0.41,205.229,515,2874,3389
423,2012-02-27,1,1,2,0,1,1,1,366.667,357.954,490.833,268.033,253,4069,4322
424,2012-02-28,1,1,2,0,2,1,1,359.167,353.525,395.833,193.417,229,4134,4363
425,2012-02-29,1,1,2,0,3,1,2,344.348,34.847,804.783,179.117,65,1769,1834
426,2012-03-01,1,1,3,0,4,1,1,485.833,475.371,615.417,226.987,325,4665,4990
427,2012-03-02,1,1,3,0,5,1,2,353.333,359.842,657.083,144.904,246,2948,3194
428,2012-03-03,1,1,3,0,6,0,2,414.167,413.492,62.125,161.079,956,3110,4066
429,2012-03-04,1,1,3,0,0,0,1,325.833,303.021,403.333,334.571,710,2713,3423
430,2012-03-05,1,1,3,0,1,1,1,243.333,241.171,50.625,228.858,203,3130,3333
431,2012-03-06,1,1,3,0,2,1,1,258.333,255.042,456.667,200.875,221,3735,3956
432,2012-03-07,1,1,3,0,3,1,1,404.167,3.851,513.333,345.779,432,4484,4916
433,2012-03-08,1,1,3,0,4,1,1,5.275,524.604,5.675,441.563,486,4896,5382
434,2012-03-09,1,1,3,0,5,1,2,410.833,397.083,407.083,4.148,447,4122,4569
435,2012-03-10,1,1,3,0,6,0,1,2.875,277.767,350.417,22.575,968,3150,4118
436,2012-03-11,1,1,3,0,0,0,1,361.739,35.967,476.957,222.587,1658,3253,4911
437,2012-03-12,1,1,3,0,1,1,1,466.667,459.592,489.167,207.713,838,4460,5298
438,2012-03-13,1,1,3,0,2,1,1,565,542.929,6.175,23.695,762,5085,5847
439,2012-03-14,1,1,3,0,3,1,1,5.725,548.617,507.083,115.062,997,5315,6312
440,2012-03-15,1,1,3,0,4,1,1,5.575,532.825,579.583,149.883,1005,5187,6192
441,2012-03-16,1,1,3,0,5,1,2,435.833,436.229,842.083,113.192,548,3830,4378
442,2012-03-17,1,1,3,0,6,0,2,514.167,505.046,755.833,110.704,3155,4681,7836
443,2012-03-18,1,1,3,0,0,0,2,4.725,464,0.81,126.883,2207,3685,5892
444,2012-03-19,1,1,3,0,1,1,1,545,532.821,72.875,162.317,982,5171,6153
445,2012-03-20,1,1,3,0,2,1,1,560.833,538.533,807.917,121.271,1051,5042,6093
446,2012-03-21,2,1,3,0,3,1,2,531.667,513.258,82.125,895.583,1122,5108,6230
447,2012-03-22,2,1,3,0,4,1,1,554.167,531.567,83.125,117.562,1334,5537,6871
448,2012-03-23,2,1,3,0,5,1,2,601.667,570.067,694.167,1.163,2469,5893,8362
449,2012-03-24,2,1,3,0,6,0,2,5.025,486.733,885.417,192.783,1033,2339,3372
450,2012-03-25,2,1,3,0,0,0,2,4.375,437.488,880.833,220.775,1532,3464,4996
451,2012-03-26,2,1,3,0,1,1,1,445.833,43.875,477.917,386.821,795,4763,5558
452,2012-03-27,2,1,3,0,2,1,1,323.333,315.654,0.29,187.192,531,4571,5102
453,2012-03-28,2,1,3,0,3,1,1,484.167,47.095,48.125,291.671,674,5024,5698
454,2012-03-29,2,1,3,0,4,1,1,494.167,482.304,439.167,31.965,834,5299,6133
455,2012-03-30,2,1,3,0,5,1,2,0.37,375.621,580.833,138.067,796,4663,5459
456,2012-03-31,2,1,3,0,6,0,2,424.167,421.708,738.333,250.617,2301,3934,6235
457,2012-04-01,2,1,4,0,0,0,2,425.833,417.287,67.625,172.267,2347,3694,6041
458,2012-04-02,2,1,4,0,1,1,1,433.913,427.513,504.348,312.139,1208,4728,5936
459,2012-04-03,2,1,4,0,2,1,1,466.667,461.483,396.667,100.133,1348,5424,6772
460,2012-04-04,2,1,4,0,3,1,1,541.667,53.345,469.583,180.975,1058,5378,6436
461,2012-04-05,2,1,4,0,4,1,1,435,431.163,374.167,219.529,1192,5265,6457
462,2012-04-06,2,1,4,0,5,1,1,403.333,390.767,377.083,300.388,1807,4653,6460
463,2012-04-07,2,1,4,0,6,0,1,4.375,426.129,254.167,274.871,3252,3605,6857
464,2012-04-08,2,1,4,0,0,0,1,0.5,492.425,275.833,232.596,2230,2939,5169
465,2012-04-09,2,1,4,0,1,1,1,489.167,476.638,3.175,358.196,905,4680,5585
466,2012-04-10,2,1,4,0,2,1,1,446.667,436.233,435,249.375,819,5099,5918
467,2012-04-11,2,1,4,0,3,1,1,348.696,337.274,469.565,295.274,482,4380,4862
468,2012-04-12,2,1,4,0,4,1,1,3.975,387.604,46.625,290.429,663,4746,5409
469,2012-04-13,2,1,4,0,5,1,1,4.425,431.808,408.333,155.471,1252,5146,6398
470,2012-04-14,2,1,4,0,6,0,1,495,487.996,502.917,190.917,2795,4665,7460
471,2012-04-15,2,1,4,0,0,0,1,606.667,573.875,507.917,225.129,2846,4286,7132
472,2012-04-16,2,1,4,1,1,0,1,664.167,614.925,561.667,284.829,1198,5172,6370
473,2012-04-17,2,1,4,0,2,1,1,608.333,598.487,390.417,273.629,989,5702,6691
474,2012-04-18,2,1,4,0,3,1,2,463.333,457.038,569.167,167.912,347,4020,4367
475,2012-04-19,2,1,4,0,4,1,1,498.333,493.046,6.125,659.292,846,5719,6565
476,2012-04-20,2,1,4,0,5,1,1,526.667,515.775,694.583,149.871,1340,5950,7290
477,2012-04-21,2,1,4,0,6,0,1,0.57,542.921,682.917,283.587,2541,4083,6624
478,2012-04-22,2,1,4,0,0,0,3,396.667,389.504,835.417,344.546,120,907,1027
479,2012-04-23,2,1,4,0,1,1,2,321.667,301.125,766.667,303.496,195,3019,3214
480,2012-04-24,2,1,4,0,2,1,1,413.333,405.283,454.167,249.383,518,5115,5633
481,2012-04-25,2,1,4,0,3,1,1,476.667,470.317,427.917,118.792,655,5541,6196
482,2012-04-26,2,1,4,0,4,1,2,498.333,483.583,756.667,176.625,475,4551,5026
483,2012-04-27,2,1,4,0,5,1,1,4.575,452.637,400.833,347.633,1014,5219,6233
484,2012-04-28,2,1,4,0,6,0,2,376.667,377.504,489.583,129.975,1120,3100,4220
485,2012-04-29,2,1,4,0,0,0,1,458.333,450.121,587.083,116.908,2229,4075,6304
486,2012-04-30,2,1,4,0,1,1,2,464.167,457.696,0.57,171.638,665,4907,5572
487,2012-05-01,2,1,5,0,2,1,2,613.333,577.021,659.583,156.096,653,5087,5740
488,2012-05-02,2,1,5,0,3,1,1,564.167,537.896,797.083,138.058,667,5502,6169
489,2012-05-03,2,1,5,0,4,1,2,0.56,537.242,768.333,133.696,764,5657,6421
490,2012-05-04,2,1,5,0,5,1,1,6.275,590.917,735.417,162.938,1069,5227,6296
491,2012-05-05,2,1,5,0,6,0,2,621.667,584.608,756.667,152.992,2496,4387,6883
492,2012-05-06,2,1,5,0,0,0,2,5.625,546.737,0.74,149.879,2135,4224,6359
493,2012-05-07,2,1,5,0,1,1,2,5.375,527.142,664.167,230.721,1008,5265,6273
494,2012-05-08,2,1,5,0,2,1,2,581.667,557.471,685.833,296.029,738,4990,5728
495,2012-05-09,2,1,5,0,3,1,2,575,553.025,744.167,216.412,620,4097,4717
496,2012-05-10,2,1,5,0,4,1,1,505.833,491.783,552.083,314.063,1026,5546,6572
497,2012-05-11,2,1,5,0,5,1,1,533.333,520.833,360.417,236.937,1319,5711,7030
498,2012-05-12,2,1,5,0,6,0,1,564.167,544.817,480.417,123.133,2622,4807,7429
499,2012-05-13,2,1,5,0,0,0,1,6.125,585.238,57.625,225.117,2172,3946,6118
500,2012-05-14,2,1,5,0,1,1,2,573.333,5.499,789.583,212.692,342,2501,2843
501,2012-05-15,2,1,5,0,2,1,2,611.667,576.404,794.583,147.392,625,4490,5115
502,2012-05-16,2,1,5,0,3,1,1,636.667,595.975,697.917,122.512,991,6433,7424
503,2012-05-17,2,1,5,0,4,1,1,593.333,572.613,0.52,229.475,1242,6142,7384
504,2012-05-18,2,1,5,0,5,1,1,564.167,551.121,523.333,136.817,1521,6118,7639
505,2012-05-19,2,1,5,0,6,0,1,0.6,566.908,45.625,83.975,3410,4884,8294
506,2012-05-20,2,1,5,0,0,0,1,620.833,583.967,530.417,254.367,2704,4425,7129
507,2012-05-21,2,1,5,0,1,1,2,598.333,565.667,81.125,233.204,630,3729,4359
508,2012-05-22,2,1,5,0,2,1,2,615,580.825,765.833,118.167,819,5254,6073
509,2012-05-23,2,1,5,0,3,1,2,621.667,584.612,774.583,102,766,4494,5260
510,2012-05-24,2,1,5,0,4,1,1,655,6.067,716.667,172.896,1059,5711,6770
511,2012-05-25,2,1,5,0,5,1,1,0.68,627.529,747.083,14.055,1417,5317,6734
512,2012-05-26,2,1,5,0,6,0,1,6.925,642.696,7.325,198.992,2855,3681,6536
513,2012-05-27,2,1,5,0,0,0,1,0.69,641.425,697.083,215.171,3283,3308,6591
514,2012-05-28,2,1,5,1,1,0,1,7.125,6.793,67.625,196.521,2557,3486,6043
515,2012-05-29,2,1,5,0,2,1,1,7.225,672.992,684.583,2.954,880,4863,5743
516,2012-05-30,2,1,5,0,3,1,2,656.667,611.129,0.67,134.329,745,6110,6855
517,2012-05-31,2,1,5,0,4,1,1,0.68,631.329,492.917,195.279,1100,6238,7338
518,2012-06-01,2,1,6,0,5,1,2,654.167,607.962,755.417,237.563,533,3594,4127
519,2012-06-02,2,1,6,0,6,0,1,583.333,566.288,549.167,186.562,2795,5325,8120
520,2012-06-03,2,1,6,0,0,0,1,6.025,575.133,493.333,184.087,2494,5147,7641
521,2012-06-04,2,1,6,0,1,1,1,5.975,578.283,487.083,284.833,1071,5927,6998
522,2012-06-05,2,1,6,0,2,1,2,540.833,525.892,613.333,209.575,968,6033,7001
523,2012-06-06,2,1,6,0,3,1,1,554.167,542.292,61.125,77.125,1027,6028,7055
524,2012-06-07,2,1,6,0,4,1,1,6.025,569.442,567.083,15.735,1038,6456,7494
525,2012-06-08,2,1,6,0,5,1,1,649.167,597.862,467.917,175.383,1488,6248,7736
526,2012-06-09,2,1,6,0,6,0,1,710.833,648.367,437.083,144.287,2708,4790,7498
527,2012-06-10,2,1,6,0,0,0,1,726.667,663.517,538.333,133.721,2224,4374,6598
528,2012-06-11,2,1,6,0,1,1,2,720.833,659.721,587.917,207.713,1017,5647,6664
529,2012-06-12,2,1,6,0,2,1,2,653.333,597.875,833.333,214.546,477,4495,4972
530,2012-06-13,2,1,6,0,3,1,1,655.833,611.117,582.083,343.279,1173,6248,7421
531,2012-06-14,2,1,6,0,4,1,1,648.333,624.383,569.583,253.733,1180,6183,7363
532,2012-06-15,2,1,6,0,5,1,1,639.167,599.754,589.583,176.617,1563,6102,7665
533,2012-06-16,2,1,6,0,6,0,1,631.667,594.708,504.167,166.667,2963,4739,7702
534,2012-06-17,2,1,6,0,0,0,1,5.925,571.975,59.875,144.904,2634,4344,6978
535,2012-06-18,2,1,6,0,1,1,2,568.333,544.842,777.917,174.746,653,4446,5099
536,2012-06-19,2,1,6,0,2,1,1,688.333,654.692,0.69,148.017,968,5857,6825
537,2012-06-20,2,1,6,0,3,1,1,7.825,720.975,592.083,113.812,872,5339,6211
538,2012-06-21,3,1,6,0,4,1,1,805.833,752.542,567.917,118.787,778,5127,5905
539,2012-06-22,3,1,6,0,5,1,1,7.775,724.121,57.375,182.842,964,4859,5823
540,2012-06-23,3,1,6,0,6,0,1,731.667,652.792,534.583,179.721,2657,4801,7458
541,2012-06-24,3,1,6,0,0,0,1,743.333,674.254,479.167,145.525,2551,4340,6891
542,2012-06-25,3,1,6,0,1,1,1,715.833,654.042,504.167,300.383,1139,5640,6779
543,2012-06-26,3,1,6,0,2,1,1,630.833,594.704,373.333,347.642,1077,6365,7442
544,2012-06-27,3,1,6,0,3,1,1,6.975,640.792,0.36,271.775,1077,6258,7335
545,2012-06-28,3,1,6,0,4,1,1,749.167,675.512,4.225,17.165,921,5958,6879
546,2012-06-29,3,1,6,0,5,1,1,834.167,786.613,48.875,165.417,829,4634,5463
547,2012-06-30,3,1,6,0,6,0,1,765,687.508,60.125,161.071,1455,4232,5687
548,2012-07-01,3,1,7,0,0,0,1,815.833,750.629,51.875,168.529,1421,4110,5531
549,2012-07-02,3,1,7,0,1,1,1,781.667,702.038,447.083,195.267,904,5323,6227
550,2012-07-03,3,1,7,0,2,1,1,780.833,70.265,492.083,126.237,1052,5608,6660
551,2012-07-04,3,1,7,1,3,0,1,789.167,732.337,53.875,13.495,2562,4841,7403
552,2012-07-05,3,1,7,0,4,1,1,8.275,761.367,457.917,194.029,1405,4836,6241
553,2012-07-06,3,1,7,0,5,1,1,828.333,752.533,450.833,146.142,1366,4841,6207
554,2012-07-07,3,1,7,0,6,0,1,861.667,804.913,492.083,163.554,1448,3392,4840
555,2012-07-08,3,1,7,0,0,0,1,8.225,790.396,57.375,125.629,1203,3469,4672
556,2012-07-09,3,1,7,0,1,1,2,710.833,654.054,683.333,180.975,998,5571,6569
557,2012-07-10,3,1,7,0,2,1,2,720.833,664.796,6.675,151.737,954,5336,6290
558,2012-07-11,3,1,7,0,3,1,1,716.667,650.271,633.333,151.733,975,6289,7264
559,2012-07-12,3,1,7,0,4,1,1,715.833,654.683,529.583,146.775,1032,6414,7446
560,2012-07-13,3,1,7,0,5,1,2,731.667,667.933,485.833,8.085,1511,5988,7499
561,2012-07-14,3,1,7,0,6,0,2,703.333,666.042,699.167,143.679,2355,4614,6969
562,2012-07-15,3,1,7,0,0,0,1,745.833,705.196,717.917,166.667,1920,4111,6031
563,2012-07-16,3,1,7,0,1,1,1,763.333,724.125,645,164.187,1088,5742,6830
564,2012-07-17,3,1,7,0,2,1,1,818.333,755.683,505.833,114.429,921,5865,6786
565,2012-07-18,3,1,7,0,3,1,1,793.333,745.583,577.083,137.442,799,4914,5713
566,2012-07-19,3,1,7,0,4,1,1,0.77,714.642,600.417,165.429,888,5703,6591
567,2012-07-20,3,1,7,0,5,1,2,665.833,613.025,844.167,208.967,747,5123,5870
568,2012-07-21,3,1,7,0,6,0,3,595.833,549.912,865.417,2.133,1264,3195,4459
569,2012-07-22,3,1,7,0,0,0,2,6.675,623.125,7.625,939.208,2544,4866,7410
570,2012-07-23,3,1,7,0,1,1,1,741.667,690.017,694.167,138.683,1135,5831,6966
571,2012-07-24,3,1,7,0,2,1,1,750.833,70.645,655,211.454,1140,6452,7592
572,2012-07-25,3,1,7,0,3,1,1,724.167,654.054,0.45,1.648,1383,6790,8173
573,2012-07-26,3,1,7,0,4,1,1,776.667,739.263,596.667,284.813,1036,5825,6861
574,2012-07-27,3,1,7,0,5,1,1,781.667,734.217,594.583,152.992,1259,5645,6904
575,2012-07-28,3,1,7,0,6,0,1,755.833,697.604,613.333,15.735,2234,4451,6685
576,2012-07-29,3,1,7,0,0,0,1,721.667,667.933,62.375,170.396,2153,4444,6597
577,2012-07-30,3,1,7,0,1,1,1,730.833,684.987,66.875,153.617,1040,6065,7105
578,2012-07-31,3,1,7,0,2,1,1,713.333,662.896,704.167,165.425,968,6248,7216
579,2012-08-01,3,1,8,0,3,1,1,7.175,667.308,6.775,141.179,1074,6506,7580
580,2012-08-02,3,1,8,0,4,1,1,7.525,707.088,659.583,129.354,983,6278,7261
581,2012-08-03,3,1,8,0,5,1,2,765.833,722.867,6.425,215.792,1328,5847,7175
582,2012-08-04,3,1,8,0,6,0,1,793.333,751.267,613.333,257.458,2345,4479,6824
583,2012-08-05,3,1,8,0,0,0,1,769.167,731.079,6.525,290.421,1707,3757,5464
584,2012-08-06,3,1,8,0,1,1,2,7.525,710.246,654.167,129.354,1233,5780,7013
585,2012-08-07,3,1,8,0,2,1,2,735.833,697.621,70.375,116.908,1278,5995,7273
586,2012-08-08,3,1,8,0,3,1,2,0.75,707.717,672.917,1.107,1263,6271,7534
587,2012-08-09,3,1,8,0,4,1,1,755.833,699.508,620.417,1.561,1196,6090,7286
588,2012-08-10,3,1,8,0,5,1,2,715.833,667.942,715.833,238.813,1065,4721,5786
589,2012-08-11,3,1,8,0,6,0,2,6.925,638.267,732.917,206.479,2247,4052,6299
590,2012-08-12,3,1,8,0,0,0,1,700.833,644.579,530.417,122.512,2182,4362,6544
591,2012-08-13,3,1,8,0,1,1,1,720.833,662.254,545.417,136.212,1207,5676,6883
592,2012-08-14,3,1,8,0,2,1,1,726.667,676.779,686.667,169.158,1128,5656,6784
593,2012-08-15,3,1,8,0,3,1,1,706.667,654.037,619.583,169.771,1198,6149,7347
594,2012-08-16,3,1,8,0,4,1,1,719.167,654.688,519.167,141.796,1338,6267,7605
595,2012-08-17,3,1,8,0,5,1,1,723.333,2.424,570.833,231.354,1483,5665,7148
596,2012-08-18,3,1,8,0,6,0,1,678.333,618.071,603.333,177.867,2827,5038,7865
597,2012-08-19,3,1,8,0,0,0,2,635.833,603.554,711.667,8.645,1208,3341,4549
598,2012-08-20,3,1,8,0,1,1,2,635.833,595.967,734.167,129.979,1026,5504,6530
599,2012-08-21,3,1,8,0,2,1,1,649.167,601.025,67.375,727.708,1081,5925,7006
600,2012-08-22,3,1,8,0,3,1,1,6.675,621.854,677.083,702.833,1094,6281,7375
601,2012-08-23,3,1,8,0,4,1,1,695.833,637.008,635.833,845.958,1363,6402,7765
602,2012-08-24,3,1,8,0,5,1,2,7.025,6.471,615,721.458,1325,6257,7582
603,2012-08-25,3,1,8,0,6,0,2,661.667,618.696,712.917,244.408,1829,4224,6053
604,2012-08-26,3,1,8,0,0,0,2,653.333,595.996,845.833,228.858,1483,3772,5255
605,2012-08-27,3,1,8,0,1,1,1,703.333,654.688,730.417,128.733,989,5928,6917
606,2012-08-28,3,1,8,0,2,1,1,728.333,66.605,0.62,190.925,935,6105,7040
607,2012-08-29,3,1,8,0,3,1,1,685,635.733,552.083,112.562,1177,6520,7697
608,2012-08-30,3,1,8,0,4,1,1,706.667,652.779,590.417,771.167,1172,6541,7713
609,2012-08-31,3,1,8,0,5,1,1,764.167,6.894,5.875,168.533,1433,5917,7350
610,2012-09-01,3,1,9,0,6,0,2,753.333,702.654,638.333,113.187,2352,3788,6140
611,2012-09-02,3,1,9,0,0,0,2,696.667,649,815,640.708,2613,3197,5810
612,2012-09-03,3,1,9,1,1,0,1,7.075,661.629,790.833,151.121,1965,4069,6034
613,2012-09-04,3,1,9,0,2,1,1,725.833,686.888,755,236.321,867,5997,6864
614,2012-09-05,3,1,9,0,3,1,1,736.667,708.983,74.125,187.808,832,6280,7112
615,2012-09-06,3,1,9,0,4,1,2,696.667,655.329,810.417,142.421,611,5592,6203
616,2012-09-07,3,1,9,0,5,1,1,703.333,657.204,73.625,171.646,1045,6459,7504
617,2012-09-08,3,1,9,0,6,0,2,659.167,611.121,799.167,281.104,1557,4419,5976
618,2012-09-09,3,1,9,0,0,0,1,0.61,578.925,5.475,224.496,2570,5657,8227
619,2012-09-10,3,1,9,0,1,1,1,583.333,565.654,50.375,258.713,1118,6407,7525
620,2012-09-11,3,1,9,0,2,1,1,5.775,554.292,0.52,920.542,1070,6697,7767
621,2012-09-12,3,1,9,0,3,1,1,599.167,570.075,577.083,131.846,1050,6820,7870
622,2012-09-13,3,1,9,0,4,1,1,6.125,579.558,637.083,827.208,1054,6750,7804
623,2012-09-14,3,1,9,0,5,1,1,633.333,594.083,6.725,103.863,1379,6630,8009
624,2012-09-15,3,1,9,0,6,0,1,608.333,585.867,501.667,247.521,3160,5554,8714
625,2012-09-16,3,1,9,0,0,0,1,0.58,563.125,0.57,901.833,2166,5167,7333
626,2012-09-17,3,1,9,0,1,1,2,580.833,55.305,734.583,151.742,1022,5847,6869
627,2012-09-18,3,1,9,0,2,1,2,623.333,565.067,8.725,357.587,371,3702,4073
628,2012-09-19,3,1,9,0,3,1,1,5.525,540.404,536.667,215.175,788,6803,7591
629,2012-09-20,3,1,9,0,4,1,1,546.667,532.192,618.333,118.167,939,6781,7720
630,2012-09-21,3,1,9,0,5,1,1,599.167,571.971,66.875,154.229,1250,6917,8167
631,2012-09-22,3,1,9,0,6,0,1,0.65,610.488,646.667,283.583,2512,5883,8395
632,2012-09-23,4,1,9,0,0,0,1,529.167,518.933,467.083,223.258,2454,5453,7907
633,2012-09-24,4,1,9,0,1,1,1,514.167,502.513,492.917,142.404,1001,6435,7436
634,2012-09-25,4,1,9,0,2,1,1,0.55,544.179,0.57,236.321,845,6693,7538
635,2012-09-26,4,1,9,0,3,1,1,635,596.613,630.833,2.444,787,6946,7733
636,2012-09-27,4,1,9,0,4,1,2,0.65,607.975,690.833,134.342,751,6642,7393
637,2012-09-28,4,1,9,0,5,1,2,619.167,585.863,0.69,164.179,1045,6370,7415
638,2012-09-29,4,1,9,0,6,0,1,5.425,530.296,542.917,227.604,2589,5966,8555
639,2012-09-30,4,1,9,0,0,0,1,526.667,517.663,583.333,134.958,2015,4874,6889
640,2012-10-01,4,1,10,0,1,1,2,520.833,512,649.167,908.042,763,6015,6778
641,2012-10-02,4,1,10,0,2,1,3,590.833,542.333,871.667,104.475,315,4324,4639
642,2012-10-03,4,1,10,0,3,1,2,6.575,599.133,79.375,665.458,728,6844,7572
643,2012-10-04,4,1,10,0,4,1,2,6.575,607.975,722.917,117.546,891,6437,7328
644,2012-10-05,4,1,10,0,5,1,1,615,580.187,6.275,10.635,1516,6640,8156
645,2012-10-06,4,1,10,0,6,0,1,554.167,538.521,664.167,268.025,3031,4934,7965
646,2012-10-07,4,1,10,0,0,0,2,415.833,419.813,708.333,141.162,781,2729,3510
647,2012-10-08,4,1,10,1,1,0,2,383.333,387.608,709.583,189.679,874,4604,5478
648,2012-10-09,4,1,10,0,2,1,2,446.667,438.112,761.667,1.903,601,5791,6392
649,2012-10-10,4,1,10,0,3,1,1,514.167,503.142,630.833,187.821,780,6911,7691
650,2012-10-11,4,1,10,0,4,1,1,435,431.167,463.333,181.596,834,6736,7570
651,2012-10-12,4,1,10,0,5,1,1,4.375,433.071,539.167,235.092,1060,6222,7282
652,2012-10-13,4,1,10,0,6,0,1,393.333,391.396,494.583,146.142,2252,4857,7109
653,2012-10-14,4,1,10,0,0,0,1,521.667,508.204,640.417,278.612,2080,4559,6639
654,2012-10-15,4,1,10,0,1,1,2,561.667,53.915,7.075,296.037,760,5115,5875
655,2012-10-16,4,1,10,0,2,1,1,468.333,460.846,558.333,182.221,922,6612,7534
656,2012-10-17,4,1,10,0,3,1,1,455.833,450.108,692.917,101.371,979,6482,7461
657,2012-10-18,4,1,10,0,4,1,2,5.225,512.625,728.333,236.937,1008,6501,7509
658,2012-10-19,4,1,10,0,5,1,2,563.333,537.896,815,134.954,753,4671,5424
659,2012-10-20,4,1,10,0,6,0,1,484.167,472.842,572.917,117.537,2806,5284,8090
660,2012-10-21,4,1,10,0,0,0,1,464.167,456.429,0.51,166.054,2132,4692,6824
661,2012-10-22,4,1,10,0,1,1,1,4.875,482.942,568.333,814.833,830,6228,7058
662,2012-10-23,4,1,10,0,2,1,1,544.167,530.304,641.667,945.458,841,6625,7466
663,2012-10-24,4,1,10,0,3,1,1,5.875,558.721,63.625,727.792,795,6898,7693
664,2012-10-25,4,1,10,0,4,1,2,0.55,529.688,800.417,124.375,875,6484,7359
665,2012-10-26,4,1,10,0,5,1,2,545.833,52.275,807.083,132.467,1182,6262,7444
666,2012-10-27,4,1,10,0,6,0,2,0.53,515.133,0.72,235.692,2643,5209,7852
667,2012-10-28,4,1,10,0,0,0,2,4.775,467.771,694.583,398.008,998,3461,4459
668,2012-10-29,4,1,10,0,1,1,3,0.44,4.394,0.88,3.582,2,20,22
669,2012-10-30,4,1,10,0,2,1,2,318.182,309.909,825.455,213.009,87,1009,1096
670,2012-10-31,4,1,10,0,3,1,2,3.575,3.611,666.667,166.667,419,5147,5566
671,2012-11-01,4,1,11,0,4,1,2,365.833,369.942,581.667,157.346,466,5520,5986
672,2012-11-02,4,1,11,0,5,1,1,355,356.042,522.083,266.175,618,5229,5847
673,2012-11-03,4,1,11,0,6,0,2,343.333,323.846,49.125,270.529,1029,4109,5138
674,2012-11-04,4,1,11,0,0,0,1,325.833,329.538,532.917,179.108,1201,3906,5107
675,2012-11-05,4,1,11,0,1,1,1,319.167,308.075,494.167,236.325,378,4881,5259
676,2012-11-06,4,1,11,0,2,1,1,280.833,281.567,567.083,173.513,466,5220,5686
677,2012-11-07,4,1,11,0,3,1,2,295.833,274.621,5.475,304.108,326,4709,5035
678,2012-11-08,4,1,11,0,4,1,1,352.174,341.891,333.478,347.835,340,4975,5315
679,2012-11-09,4,1,11,0,5,1,1,361.667,355.413,540.833,214.558,709,5283,5992
680,2012-11-10,4,1,11,0,6,0,1,389.167,393.937,645.417,578.458,2090,4446,6536
681,2012-11-11,4,1,11,0,0,0,1,420.833,421.713,659.167,1.275,2290,4562,6852
682,2012-11-12,4,1,11,1,1,0,1,485,475.383,741.667,173.517,1097,5172,6269
683,2012-11-13,4,1,11,0,2,1,2,343.333,323.225,662.917,342.046,327,3767,4094
684,2012-11-14,4,1,11,0,3,1,1,289.167,281.563,552.083,199.625,373,5122,5495
685,2012-11-15,4,1,11,0,4,1,2,321.667,324.492,620.417,152.987,320,5125,5445
686,2012-11-16,4,1,11,0,5,1,1,345,347.204,524.583,171.025,484,5214,5698
687,2012-11-17,4,1,11,0,6,0,1,325,326.383,545.417,179.729,1313,4316,5629
688,2012-11-18,4,1,11,0,0,0,1,3.425,337.746,692.917,227.612,922,3747,4669
689,2012-11-19,4,1,11,0,1,1,2,380.833,375.621,623.333,235.067,449,5050,5499
690,2012-11-20,4,1,11,0,2,1,2,374.167,380.667,685,82.725,534,5100,5634
691,2012-11-21,4,1,11,0,3,1,1,353.333,364.892,61.375,103.246,615,4531,5146
692,2012-11-22,4,1,11,1,4,0,1,0.34,350.371,580.417,528.708,955,1470,2425
693,2012-11-23,4,1,11,0,5,1,1,368.333,378.779,56.875,148.021,1603,2307,3910
694,2012-11-24,4,1,11,0,6,0,1,278.333,248.742,404.583,376.871,532,1745,2277
695,2012-11-25,4,1,11,0,0,0,1,245.833,257.583,468.333,1.505,309,2115,2424
696,2012-11-26,4,1,11,0,1,1,1,313.333,339.004,535.417,4.665,337,4750,5087
697,2012-11-27,4,1,11,0,2,1,2,291.667,281.558,786.667,237.562,123,3836,3959
698,2012-11-28,4,1,11,0,3,1,1,296.667,289.762,50.625,210.821,198,5062,5260
699,2012-11-29,4,1,11,0,4,1,1,28.087,298.422,555.652,115.522,243,5080,5323
700,2012-11-30,4,1,11,0,5,1,1,298.333,323.867,649.583,584.708,362,5306,5668
701,2012-12-01,4,1,12,0,6,0,2,298.333,316.904,806.667,597.042,951,4240,5191
702,2012-12-02,4,1,12,0,0,0,2,3.475,359.208,823.333,124.379,892,3757,4649
703,2012-12-03,4,1,12,0,1,1,1,4.525,455.796,7.675,827.208,555,5679,6234
704,2012-12-04,4,1,12,0,2,1,1,475.833,469.054,73.375,174.129,551,6055,6606
705,2012-12-05,4,1,12,0,3,1,1,438.333,428.012,485,324.021,331,5398,5729
706,2012-12-06,4,1,12,0,4,1,1,255.833,258.204,50.875,174.754,340,5035,5375
707,2012-12-07,4,1,12,0,5,1,2,320.833,321.958,764.167,1.306,349,4659,5008
708,2012-12-08,4,1,12,0,6,0,2,381.667,389.508,91.125,101.379,1153,4429,5582
709,2012-12-09,4,1,12,0,0,0,2,384.167,390.146,905.417,157.975,441,2787,3228
710,2012-12-10,4,1,12,0,1,1,2,435.833,435.575,925,190.308,329,4841,5170
711,2012-12-11,4,1,12,0,2,1,2,353.333,338.363,596.667,296.037,282,5219,5501
712,2012-12-12,4,1,12,0,3,1,2,2.975,297.338,538.333,162.937,310,5009,5319
713,2012-12-13,4,1,12,0,4,1,1,295.833,294.188,485.833,174.129,425,5107,5532
714,2012-12-14,4,1,12,0,5,1,1,281.667,294.192,642.917,131.229,429,5182,5611
715,2012-12-15,4,1,12,0,6,0,1,324.167,338.383,650.417,10.635,767,4280,5047
716,2012-12-16,4,1,12,0,0,0,2,3.625,369.938,83.875,100.742,538,3248,3786
717,2012-12-17,4,1,12,0,1,1,2,393.333,4.015,907.083,982.583,212,4373,4585
718,2012-12-18,4,1,12,0,2,1,1,410.833,409.708,66.625,221.404,433,5124,5557
719,2012-12-19,4,1,12,0,3,1,1,3.325,342.162,625.417,184.092,333,4934,5267
720,2012-12-20,4,1,12,0,4,1,2,0.33,335.217,667.917,132.463,314,3814,4128
721,2012-12-21,1,1,12,0,5,1,2,326.667,301.767,556.667,374.383,221,3402,3623
722,2012-12-22,1,1,12,0,6,0,1,265.833,236.113,44.125,407.346,205,1544,1749
723,2012-12-23,1,1,12,0,0,0,1,245.833,259.471,515.417,133.083,408,1379,1787
724,2012-12-24,1,1,12,0,1,1,2,231.304,2.589,791.304,772.304,174,746,920
725,2012-12-25,1,1,12,1,2,0,2,291.304,294.465,734.783,168.726,440,573,1013
726,2012-12-26,1,1,12,0,3,1,3,243.333,220.333,823.333,316.546,9,432,441
727,2012-12-27,1,1,12,0,4,1,2,254.167,226.642,652.917,350.133,247,1867,2114
728,2012-12-28,1,1,12,0,5,1,2,253.333,255.046,0.59,155.471,644,2451,3095
729,2012-12-29,1,1,12,0,6,0,2,253.333,2.424,752.917,124.383,159,1182,1341
730,2012-12-30,1,1,12,0,0,0,1,255.833,2.317,483.333,350.754,364,1432,1796
731,2012-12-31,1,1,12,0,1,1,2,215.833,223.487,5.775,154.846,439,2290,2729